<?xml version="1.0" encoding="UTF-8" ?>
<rss version="2.0">
<channel>
	<title>Intro to ITWS -- Lab 4 -- RSS Feed</title>
	<description>RSS Feed for Lab 4</description>
	<link>https://afsws.rpi.edu/AFS/home/08/jonesw3/public_html/iit/resources/pages/project_resources/lab4/RSSFeed.xml</link>
	<lastBuildDate>Mon, 5 Mar 2018 10:03:43 EST </lastBuildDate>
	<pubDate>Mon, 5 Mar 2018 10:03:43 EST</pubDate>
 
	<item>
		<title>The DJI Mavic Pro drone just dropped to its lowest price ever</title>
		<description>DJI's Mavic Pro dropped to the all time low price of $769. The Verge reviewed the drone earlier with a score of 9.5/10.</description>
		<link>https://www.theverge.com/good-deals/2018/3/5/17082402/best-tech-deals-dji-mavic-pro-drone-amazon-sale</link>
		<guid>https://www.theverge.com/good-deals/2018/3/5/17082402/best-tech-deals-dji-mavic-pro-drone-amazon-sale</guid>
	  	<pubDate>Mon, 5 Mar 2018 07:33:00 EST </pubDate>
	</item>

	<item>
		<title>What Silicon Valley is doing to make humans live longer</title>
		<description>Biotech startups in the Silicon Valley region are researching certain genes, stem cells, and special regenerative proteins that can increase the human lifespan.</description>
		<link>http://www.businessinsider.com/peter-diamandis-how-silicon-valley-can-make-100-new-60-2018-2</link>
		<guid>http://www.businessinsider.com/peter-diamandis-how-silicon-valley-can-make-100-new-60-2018-2</guid>
	  	<pubDate>Fri, 2 Mar 2018 12:54:00 EST </pubDate>
	  	<author>jatalla@businessinsider.com (Jen Atalla)</author>
	</item>

	<item>
		<title>Mysterious $15,000 'GrayKey' Promises To Unlock iPhone X For The Feds</title>
		<description>An obscure American startup named Grayshift, which appears to be run by long-time U.S. intelligence agency contractors and an ex-Apple security engineer, is offering a $15,000 iPhone unlock tool named GrayKey, which permits 300 uses.</description>
		<link>https://www.forbes.com/sites/thomasbrewster/2018/03/05/apple-iphone-x-graykey-hack/#6c3496a52950</link>
		<guid>https://www.forbes.com/sites/thomasbrewster/2018/03/05/apple-iphone-x-graykey-hack/#6c3496a52950</guid>
	  	<pubDate>Mon, 5 Mar 2018 12:10:00 EST </pubDate>
	  	<author>tbthomasbrewster@gmail.com (Thomas Fox-Brewster)</author>
	</item>
 
</channel>
</rss>

