<?xml version="1.0" encoding="utf-8"?>
 
<feed xmlns="http://www.w3.org/2005/Atom">
 
	<title>ITWS Lab 4</title>
	<subtitle>Atom Feed</subtitle>
	<link href="https://afsws.rpi.edu/AFS/home/08/jonesw3/public_html/iit/resources/pages/project_resources/lab4/AtomFeed.xml" rel="self" />
	<id>urn:uuid:60a76c80-d399-11d9-b91C-0003939e0af6</id>
	<updated>2018-03-05T20:30:00Z</updated>
	<author>
		<name>Weston Jones</name>
		<email>WestonMJones@gmail.com</email>
	</author>
 
	<entry>
		<title>The DJI Mavic Pro drone just dropped to its lowest price ever</title>
		<link href="https://www.theverge.com/good-deals/2018/3/5/17082402/best-tech-deals-dji-mavic-pro-drone-amazon-sale" />
		<id>https://www.theverge.com/good-deals/2018/3/5/17082402/best-tech-deals-dji-mavic-pro-drone-amazon-sale</id>
		<updated>2018-03-05T07:33:00Z</updated>
		<summary>DJI's Mavic Pro dropped to the all time low price of $769. The Verge reviewed the drone earlier with a score of 9.5/10.</summary>
	</entry>

	<entry>
		<title>What Silicon Valley is doing to make humans live longer</title>
		<link href="http://www.businessinsider.com/peter-diamandis-how-silicon-valley-can-make-100-new-60-2018-2" />
		<id>http://www.businessinsider.com/peter-diamandis-how-silicon-valley-can-make-100-new-60-2018-2</id>
		<updated>2018-03-02T12:54:00Z</updated>
		<summary>Biotech startups in the Silicon Valley region are researching certain genes, stem cells, and special regenerative proteins that can increase the human lifespan.</summary>
	</entry>

	<entry>
		<title>Mysterious $15,000 'GrayKey' Promises To Unlock iPhone X For The Feds</title>
		<link href="https://www.forbes.com/sites/thomasbrewster/2018/03/05/apple-iphone-x-graykey-hack/#6c3496a52950" />
		<id>https://www.forbes.com/sites/thomasbrewster/2018/03/05/apple-iphone-x-graykey-hack/#6c3496a52950</id>
		<updated>2018-03-05T12:10:00Z</updated>
		<summary>An obscure American startup named Grayshift, which appears to be run by long-time U.S. intelligence agency contractors and an ex-Apple security engineer, is offering a $15,000 iPhone unlock tool named GrayKey, which permits 300 uses.</summary>
	</entry>
 
</feed>



