Mat. Date;Sold; Sold Amount ;Bought; Bought Amount ; Rate 
02-01-2018;ILS;13.041.891;DKK;23.333.248;1,7891
03-01-2018;THB;22.832.553;DKK;4.349.601;0,1905
04-01-2018;RON;2.152.050;DKK;3.435.963;1,5966
04-01-2018;DKK;25.272.000;AED;15.000.000;1,6848
04-01-2018;EUR;24.869.046;USD;30.000.000;1,2063
05-01-2018;HRK;10.200.869;DKK;10.187.404;0,9987
05-01-2018;EUR;24.905.320;USD;30.000.000;1,2046
08-01-2018;SEK;20.000.000;DKK;15.162.600;0,7581
10-01-2018;USD;50.000.000;DKK;312.138.845;6,2428
11-01-2018;GBP;10.000.000;DKK;84.216.326;8,4216
11-01-2018;GBP;4.000.000;DKK;33.532.981;8,3832
11-01-2018;USD;30.000.000;EUR;24.859.212;1,2068
11-01-2018;JPY;1.000.000.000;DKK;55.433.000;0,0554
11-01-2018;USD;50.000.000;DKK;312.116.500;6,2423
12-01-2018;CAD;5.000.000;DKK;24.679.863;4,936
12-01-2018;DKK;1.568.242;KES;25.729.968;0,061
12-01-2018;USD;50.000.000;DKK;310.492.000;6,2098
12-01-2018;DKK;310.362.000;USD;50.000.000;6,2072
16-01-2018;DKK;5.871.272;MAD;8.770.423;0,6694
16-01-2018;DKK;929.621;INR;9.426.100;0,0986
16-01-2018;USD;50.000.000;DKK;309.654.000;6,1931
16-01-2018;USD;50.000.000;DKK;309.628.000;6,1926
16-01-2018;HUF;500.000.000;DKK;12.060.000;0,0241
16-01-2018;JPY;1.000.000.000;DKK;55.063.000;0,0551
16-01-2018;DKK;55.064.000;JPY;1.000.000.000;0,0551
17-01-2018;USD;50.000.000;DKK;303.889.000;6,0778
17-01-2018;DKK;38.387.300;JPY;700.000.000;0,0548
18-01-2018;RON;2.156.802;DKK;3.455.844;1,6023
18-01-2018;TRY;15.000.000;DKK;24.048.000;1,6032
18-01-2018;EUR;7.407.462;JPY;1.000.000.000;134,999
18-01-2018;DKK;305.158.500;USD;50.000.000;6,1032
18-01-2018;USD;50.000.000;DKK;305.082.845;6,1017
22-01-2018;DKK;6.642.000;AED;4.000.000;1,6605
22-01-2018;USD;50.000.000;DKK;304.180.000;6,0836
22-01-2018;USD;50.000.000;DKK;304.274.000;6,0855
22-01-2018;USD;50.000.000;DKK;303.697.095;6,0739
22-01-2018;USD;50.000.000;DKK;303.872.095;6,0774
23-01-2018;DKK;1.319.003;INR;13.755.517;0,0959
23-01-2018;DKK;570.720;INR;5.949.586;0,0959
23-01-2018;DKK;134.563;RSD;2.136.936;0,063
23-01-2018;EUR;7.378.712;JPY;1.000.000.000;135,525
25-01-2018;USD;50.000.000;DKK;303.722.500;6,0745
26-01-2018;DKK;303.702.810;USD;50.000.000;6,0741
26-01-2018;DKK;240.466.800;USD;40.000.000;6,0117
29-01-2018;DKK;94.610.000;CNH;100.000.000;0,9461
29-01-2018;DKK;94.610.000;CNH;100.000.000;0,9461
29-01-2018;HRK;48.701;DKK;48.745;1,0009
30-01-2018;USD;30.000.000;EUR;24.869.798;1,2063
31-01-2018;DKK;126.870.023;GBP;15.000.000;8,458
31-01-2018;RON;2.174.733;DKK;3.469.568;1,5954
31-01-2018;DKK;216.452;RSD;3.443.396;0,0629
31-01-2018;USD;50.000.000;DKK;299.737.245;5,9947
31-01-2018;USD;50.000.000;DKK;299.751.745;5,995
31-01-2018;USD;50.000.000;DKK;299.665.245;5,9933
31-01-2018;USD;30.000.000;DKK;179.741.997;5,9914
01-02-2018;DKK;4.663.391;RSD;74.170.425;0,0629
01-02-2018;RSD;55.591.859;DKK;3.495.283;0,0629
01-02-2018;USD;50.000.000;DKK;298.683.145;5,9737
02-02-2018;USD;50.000.000;DKK;298.623.500;5,9725
02-02-2018;USD;50.000.000;DKK;298.672.000;5,9734
02-02-2018;USD;50.000.000;DKK;298.751.500;5,975
02-02-2018;USD;50.000.000;DKK;298.811.240;5,9762
05-02-2018;DKK;21.700.107;AED;13.272.236;1,635
06-02-2018;HRK;8.095.459;DKK;8.093.840;0,9998
06-02-2018;RSD;14.646.959;DKK;910.704;0,0622
06-02-2018;TRY;10.000.000;DKK;15.861.000;1,5861
06-02-2018;SEK;50.000.000;DKK;37.897.000;0,7579
07-02-2018;SGD;4.000.000;DKK;18.194.400;4,5486
07-02-2018;DKK;36.400.000;SGD;8.000.000;4,55
08-02-2018;DKK;301.436.500;USD;50.000.000;6,0287
08-02-2018;DKK;27.538.500;JPY;500.000.000;0,0551
08-02-2018;USD;50.000.000;DKK;301.495.095;6,0299
08-02-2018;USD;50.000.000;DKK;301.693.095;6,0339
09-02-2018;GBP;3.000.000;DKK;25.296.992;8,4323
13-02-2018;DKK;3.433.898;MAD;5.170.210;0,6642
14-02-2018;GBP;5.000.000;DKK;42.001.000;8,4002
14-02-2018;DKK;16.049.889;RON;10.019.908;1,6018
14-02-2018;RON;2.179.484;DKK;3.483.252;1,5982
15-02-2018;GBP;10.000.000;DKK;83.859.000;8,3859
15-02-2018;JPY;800.000.000;DKK;44.939.200;0,0562
15-02-2018;DKK;28.074.000;JPY;500.000.000;0,0561
15-02-2018;DKK;6.606.364;AED;4.021.650;1,6427
16-02-2018;USD;35.000.000;DKK;219.784.023;6,2795
16-02-2018;USD;35.000.000;DKK;219.767.776;6,2791
16-02-2018;DKK;9.551.223;RON;5.965.041;1,6012
16-02-2018;DKK;9.367.670;RON;5.850.406;1,6012
16-02-2018;DKK;242.299.600;USD;40.000.000;6,0575
16-02-2018;JPY;1.000.000.000;EUR;7.575.758;132
16-02-2018;DKK;39.307.800;JPY;700.000.000;0,0562
16-02-2018;DKK;16.850.100;JPY;300.000.000;0,0562
20-02-2018;USD;50.000.000;DKK;298.276.000;5,9655
20-02-2018;DKK;2.859.633;RSD;45.168.743;0,0633
20-02-2018;TRY;10.000.000;DKK;15.916.000;1,5916
20-02-2018;USD;50.000.000;DKK;298.713.000;5,9743
21-02-2018;JPY;600.000.000;DKK;33.779.400;0,0563
21-02-2018;DKK;22.513.200;JPY;400.000.000;0,0563
22-02-2018;DKK;181.315.500;USD;30.000.000;6,0439
23-02-2018;DKK;120.416.210;USD;20.000.000;6,0208
23-02-2018;DKK;60.205.110;USD;10.000.000;6,0205
23-02-2018;DKK;120.285.532;USD;20.000.000;6,0143
23-02-2018;USD;30.000.000;DKK;180.982.464;6,0327
23-02-2018;USD;40.000.000;DKK;241.953.600;6,0488
23-02-2018;USD;50.000.000;DKK;302.892.145;6,0578
27-02-2018;ILS;8.760.718;DKK;15.176.193;1,7323
27-02-2018;CNH;100.000.000;DKK;95.510.000;0,9551
28-02-2018;DKK;16.815.600;GBP;2.000.000;8,4078
28-02-2018;DKK;165.573.540;JPY;3.000.000.000;0,0552
28-02-2018;JPY;1.000.000.000;DKK;56.651.000;0,0567
28-02-2018;JPY;500.000.000;DKK;28.317.000;0,0566
02-03-2018;DKK;623.749;RSD;9.852.300;0,0633
02-03-2018;RON;2.202.606;DKK;3.513.597;1,5952
02-03-2018;JPY;500.000.000;DKK;28.469.500;0,0569
05-03-2018;ILS;21.027.444;DKK;36.861.110;1,753
05-03-2018;DKK;563.331;RSD;8.902.199;0,0633
05-03-2018;SEK;50.000.000;DKK;36.797.000;0,7359
05-03-2018;USD;30.000.000;DKK;181.526.397;6,0509
06-03-2018;SAR;20.000.000;DKK;32.618.000;1,6309
06-03-2018;DKK;1.089.002;RSD;17.198.396;0,0633
06-03-2018;RSD;100.000.000;DKK;6.291.700;0,0629
07-03-2018;DKK;300.964.330;USD;50.000.000;6,0193
07-03-2018;DKK;23.130.973;AED;14.032.379;1,6484
07-03-2018;SAR;20.000.000;DKK;32.272.000;1,6136
07-03-2018;TRY;5.000.000;DKK;7.913.500;1,5827
07-03-2018;DKK;299.852.505;USD;50.000.000;5,9971
07-03-2018;DKK;299.883.505;USD;50.000.000;5,9977
08-03-2018;DKK;301.142.605;USD;50.000.000;6,0229
08-03-2018;DKK;36.464.885;AED;22.279.517;1,6367
08-03-2018;HUF;500.000.000;DKK;11.893.500;0,0238
09-03-2018;DKK;181.482.447;USD;30.000.000;6,0494
09-03-2018;DKK;300.232.750;USD;50.000.000;6,0047
09-03-2018;DKK;300.272.250;USD;50.000.000;6,0054
09-03-2018;DKK;1.063.798;KES;17.783.323;0,0598
09-03-2018;RSD;113.920.761;DKK;7.152.743;0,0628
12-03-2018;USD;50.000.000;DKK;299.821.500;5,9964
13-03-2018;DKK;3.037.485;RSD;48.023.486;0,0633
13-03-2018;USD;50.000.000;DKK;302.838.000;6,0568
13-03-2018;DKK;302.811.500;USD;50.000.000;6,0562
14-03-2018;HRK;7.000.000;EUR;940.569;7,4423
16-03-2018;DKK;1.962.862;HRK;1.959.335;1,0018
16-03-2018;EUR;32.351.205;USD;40.000.000;1,2364
19-03-2018;RON;2.207.358;DKK;3.522.723;1,5959
20-03-2018;GBP;2.000.000;DKK;16.879.040;8,4395
20-03-2018;DKK;5.566.051;ILS;3.177.151;1,7519
20-03-2018;USD;50.000.000;DKK;303.118.000;6,0624
20-03-2018;USD;50.000.000;DKK;303.147.500;6,063
21-03-2018;DKK;4.265.697;MAD;6.401.490;0,6664
22-03-2018;DKK;2.266.789;INR;24.347.890;0,0931
22-03-2018;USD;50.000.000;DKK;303.416.000;6,0683
23-03-2018;RON;3.626.402;DKK;5.783.385;1,5948
23-03-2018;HUF;300.000.000;DKK;7.174.200;0,0239
23-03-2018;DKK;242.399.200;USD;40.000.000;6,06
26-03-2018;DKK;310.649.655;USD;50.000.000;6,213
26-03-2018;USD;50.000.000;DKK;299.907.805;5,9982
26-03-2018;JPY;200.000.000;DKK;11.468.600;0,0573
26-03-2018;USD;50.000.000;EUR;40.650.407;1,23
27-03-2018;DKK;310.641.670;USD;50.000.000;6,2128
27-03-2018;DKK;95.185.600;CNH;100.000.000;0,9519
27-03-2018;USD;50.000.000;DKK;299.925.755;5,9985
27-03-2018;RSD;97.852.674;DKK;6.120.685;0,0626
27-03-2018;RSD;29.195.325;DKK;1.826.168;0,0626
27-03-2018;DKK;31.721.599;CHF;5.000.000;6,3443
27-03-2018;DKK;300.286.755;USD;50.000.000;6,0057
28-03-2018;DKK;55.373.150;JPY;1.000.000.000;0,0554
28-03-2018;DKK;524.569;INR;5.637.500;0,0931
28-03-2018;DKK;104.858;RSD;1.661.244;0,0631
28-03-2018;DKK;240.411.808;USD;40.000.000;6,0103
31-03-2018;DKK;83.826.010;GBP;10.000.000;8,3826
31-03-2018;DKK;16.705.740;GBP;2.000.000;8,3529
31-03-2018;DKK;34.011.040;GBP;4.000.000;8,5028
31-03-2018;DKK;25.480.410;GBP;3.000.000;8,4935
31-03-2018;DKK;85.322.471;GBP;10.000.000;8,5322
03-04-2018;JPY;2.000.000.000;DKK;114.738.220;0,0574
03-04-2018;DKK;180.396.600;USD;30.000.000;6,0132
03-04-2018;DKK;1.185.900;INR;12.724.250;0,0932
03-04-2018;EUR;15.000.000;DKK;111.776.174;7,4517
04-04-2018;DKK;552.586;RSD;8.748.991;0,0632
04-04-2018;DKK;28.429.500;JPY;500.000.000;0,0569
04-04-2018;JPY;500.000.000;DKK;28.425.500;0,0569
05-04-2018;RSD;88.698.693;DKK;5.565.843;0,0628
05-04-2018;DKK;778.358;RSD;12.315.788;0,0632
05-04-2018;DKK;251.496;RSD;3.983.153;0,0631
05-04-2018;RON;2.219.458;DKK;3.543.809;1,5967
05-04-2018;USD;50.000.000;DKK;303.828.490;6,0766
05-04-2018;USD;50.000.000;DKK;303.823.490;6,0765
05-04-2018;USD;50.000.000;DKK;303.790.240;6,0758
05-04-2018;USD;50.000.000;DKK;303.765.740;6,0753
06-04-2018;HUF;400.000.000;DKK;9.569.600;0,0239
06-04-2018;USD;50.000.000;DKK;302.735.000;6,0547
06-04-2018;AUD;20.000.000;DKK;93.130.000;4,6565
09-04-2018;DKK;299.092.580;USD;50.000.000;5,9819
09-04-2018;DKK;16.198.613;AED;9.801.303;1,6527
09-04-2018;DKK;23.779.000;CAD;5.000.000;4,7558
09-04-2018;USD;50.000.000;DKK;304.031.895;6,0806
09-04-2018;USD;50.000.000;DKK;304.146.895;6,0829
10-04-2018;RSD;29.195.325;DKK;1.832.007;0,0628
10-04-2018;USD;50.000.000;DKK;303.447.500;6,069
11-04-2018;DKK;143.646;RSD;2.270.365;0,0633
11-04-2018;RSD;60.985.807;DKK;3.828.689;0,0628
11-04-2018;DKK;4.500.805;MAD;6.785.270;0,6633
12-04-2018;GBP;10.000.000;DKK;85.281.631;8,5282
12-04-2018;USD;40.000.000;DKK;240.190.224;6,0048
12-04-2018;DKK;303.968.740;USD;50.000.000;6,0794
12-04-2018;DKK;304.083.725;USD;50.000.000;6,0817
12-04-2018;DKK;623.752;KES;10.309.610;0,0605
12-04-2018;DKK;312.849;KES;5.170.895;0,0605
12-04-2018;DKK;595.455;RSD;9.411.339;0,0633
13-04-2018;USD;50.000.000;DKK;300.784.500;6,0157
16-04-2018;DKK;307.749.385;USD;50.000.000;6,155
16-04-2018;DKK;483.070;RSD;7.641.098;0,0632
16-04-2018;DKK;3.104.108;AED;1.893.211;1,6396
16-04-2018;USD;50.000.000;DKK;302.163.000;6,0433
17-04-2018;DKK;307.703.825;USD;50.000.000;6,1541
17-04-2018;RON;2.276.570;DKK;3.633.860;1,5962
17-04-2018;RSD;100.000.000;DKK;6.267.000;0,0627
17-04-2018;DKK;241.760.800;USD;40.000.000;6,044
17-04-2018;JPY;1.000.000.000;DKK;56.088.000;0,0561
17-04-2018;DKK;56.118.000;JPY;1.000.000.000;0,0561
17-04-2018;DKK;301.207.905;USD;50.000.000;6,0242
17-04-2018;DKK;301.251.405;USD;50.000.000;6,025
18-04-2018;JPY;300.000.000;DKK;16.862.400;0,0562
19-04-2018;DKK;1.297.813;AED;790.193;1,6424
19-04-2018;RSD;52.721.545;DKK;3.308.277;0,0628
19-04-2018;RSD;11.678.130;DKK;732.803;0,0628
19-04-2018;DKK;301.394.000;USD;50.000.000;6,0279
19-04-2018;DKK;11.256.600;JPY;200.000.000;0,0563
20-04-2018;DKK;296.972.905;USD;50.000.000;5,9395
20-04-2018;USD;50.000.000;DKK;300.652.000;6,013
20-04-2018;DKK;300.430.000;USD;50.000.000;6,0086
23-04-2018;DKK;301.914.655;USD;50.000.000;6,0383
23-04-2018;USD;50.000.000;DKK;301.081.180;6,0216
23-04-2018;USD;50.000.000;DKK;301.125.945;6,0225
23-04-2018;DKK;3.281.800;AED;2.000.000;1,6409
23-04-2018;USD;50.000.000;DKK;300.748.000;6,015
23-04-2018;HUF;500.000.000;DKK;11.997.500;0,024
23-04-2018;USD;50.000.000;DKK;300.822.000;6,0164
23-04-2018;JPY;500.000.000;DKK;28.014.500;0,056
24-04-2018;DKK;8.211.366;INR;89.428.948;0,0918
24-04-2018;RSD;50.000.000;DKK;3.137.500;0,0628
25-04-2018;DKK;112.618.000;JPY;2.000.000.000;0,0563
25-04-2018;DKK;56.317.000;JPY;1.000.000.000;0,0563
26-04-2018;CNH;100.000.000;DKK;93.535.400;0,9354
26-04-2018;CNH;100.000.000;DKK;93.533.200;0,9353
26-04-2018;JPY;700.000.000;DKK;39.804.786;0,0569
26-04-2018;JPY;1.000.000.000;DKK;56.671.500;0,0567
26-04-2018;DKK;304.263.775;USD;50.000.000;6,0853
26-04-2018;DKK;23.726.674;CAD;5.000.000;4,7453
26-04-2018;DKK;56.988.176;SEK;80.000.000;0,7124
30-04-2018;DKK;42.629.494;GBP;5.000.000;8,5259
30-04-2018;DKK;302.939.670;USD;50.000.000;6,0588
30-04-2018;USD;50.000.000;DKK;305.718.500;6,1144
30-04-2018;USD;50.000.000;DKK;305.721.000;6,1144
30-04-2018;USD;50.000.000;DKK;305.682.895;6,1137
30-04-2018;USD;50.000.000;DKK;305.430.395;6,1086
30-04-2018;USD;50.000.000;DKK;307.522.745;6,1505
30-04-2018;USD;25.000.000;DKK;153.795.748;6,1518
01-05-2018;DKK;297.830.260;USD;50.000.000;5,9566
01-05-2018;JPY;250.000.000;DKK;14.006.838;0,056
02-05-2018;JPY;2.000.000.000;DKK;112.608.780;0,0563
02-05-2018;JPY;1.000.000.000;DKK;56.312.400;0,0563
02-05-2018;USD;20.000.000;DKK;123.330.800;6,1665
02-05-2018;DKK;123.278.000;USD;20.000.000;6,1639
03-05-2018;DKK;240.693.448;USD;40.000.000;6,0173
03-05-2018;DKK;168.297;RSD;2.657.888;0,0633
03-05-2018;DKK;111.006;RSD;1.753.101;0,0633
03-05-2018;DKK;33.767.300;CAD;7.000.000;4,8239
03-05-2018;USD;20.000.000;DKK;123.920.200;6,196
04-05-2018;DKK;299.157;RSD;4.723.781;0,0633
04-05-2018;CNH;100.000.000;DKK;97.550.000;0,9755
04-05-2018;ZAR;50.000.000;DKK;24.605.000;0,4921
04-05-2018;AUD;10.000.000;DKK;46.577.000;4,6577
04-05-2018;USD;50.000.000;DKK;310.340.000;6,2068
04-05-2018;USD;30.000.000;DKK;186.273.000;6,2091
07-05-2018;DKK;301.515.535;USD;50.000.000;6,0303
07-05-2018;DKK;297.718.770;USD;50.000.000;5,9544
07-05-2018;RON;2.322.252;DKK;3.706.778;1,5962
07-05-2018;DKK;35.555.100;AED;21.000.000;1,6931
08-05-2018;DKK;297.614.385;USD;50.000.000;5,9523
08-05-2018;DKK;561.466;INR;5.985.775;0,0938
09-05-2018;DKK;1.315.332;KES;20.940.109;0,0628
09-05-2018;DKK;509.845;KES;8.116.735;0,0628
09-05-2018;USD;50.000.000;DKK;312.933.500;6,2587
09-05-2018;USD;50.000.000;DKK;312.910.000;6,2582
09-05-2018;GBP;4.000.000;DKK;33.868.320;8,4671
09-05-2018;USD;50.000.000;DKK;313.986.990;6,2797
09-05-2018;USD;50.000.000;DKK;313.975.490;6,2795
14-05-2018;GBP;3.000.000;DKK;25.400.195;8,4667
14-05-2018;DKK;301.540.785;USD;50.000.000;6,0308
14-05-2018;DKK;178.437.264;USD;30.000.000;5,9479
14-05-2018;USD;50.000.000;DKK;298.257.600;5,9652
14-05-2018;USD;50.000.000;DKK;313.751.000;6,275
14-05-2018;USD;50.000.000;DKK;313.524.645;6,2705
14-05-2018;USD;50.000.000;DKK;313.588.145;6,2718
15-05-2018;DKK;3.259.774;MAD;4.825.720;0,6755
15-05-2018;CNH;70.000.000;DKK;68.978.000;0,9854
15-05-2018;RSD;100.000.000;DKK;6.272.000;0,0627
15-05-2018;DKK;313.421.500;USD;50.000.000;6,2684
15-05-2018;RSD;100.000.000;DKK;6.296.000;0,063
16-05-2018;DKK;2.359.570;INR;25.209.082;0,0936
16-05-2018;JPY;1.000.000.000;DKK;56.715.000;0,0567
16-05-2018;DKK;56.738.000;JPY;1.000.000.000;0,0567
17-05-2018;GBP;5.000.000;DKK;42.602.135;8,5204
17-05-2018;RSD;89.261.421;DKK;5.584.195;0,0626
17-05-2018;DKK;517.404;RSD;8.163.518;0,0634
17-05-2018;CZK;50.000.000;DKK;14.575.000;0,2915
17-05-2018;USD;50.000.000;DKK;314.254.500;6,2851
17-05-2018;USD;50.000.000;DKK;314.591.500;6,2918
17-05-2018;DKK;314.746.000;USD;50.000.000;6,2949
17-05-2018;DKK;314.881.500;USD;50.000.000;6,2976
17-05-2018;USD;50.000.000;DKK;315.813.045;6,3163
18-05-2018;RON;2.540.265;DKK;4.078.649;1,6056
18-05-2018;USD;50.000.000;DKK;315.735.500;6,3147
18-05-2018;DKK;189.128.700;USD;30.000.000;6,3043
18-05-2018;USD;20.000.000;EUR;16.966.123;1,1788
18-05-2018;USD;50.000.000;DKK;315.967.740;6,3194
22-05-2018;DKK;301.775.810;USD;50.000.000;6,0355
22-05-2018;USD;50.000.000;DKK;298.112.410;5,9622
22-05-2018;DKK;17.180.314;RON;10.683.610;1,6081
22-05-2018;DKK;315.710.000;USD;50.000.000;6,3142
23-05-2018;DKK;301.662.370;USD;50.000.000;6,0332
23-05-2018;JPY;1.000.000.000;DKK;57.127.000;0,0571
25-05-2018;CAD;5.000.000;DKK;23.690.611;4,7381
25-05-2018;DKK;9.919.212;ILS;5.576.977;1,7786
25-05-2018;DKK;7.977.945;ILS;4.485.772;1,7785
29-05-2018;DKK;3.459.600;AED;2.000.000;1,7298
29-05-2018;DKK;63.405.600;USD;10.000.000;6,3406
30-05-2018;EUR;7.877.303;JPY;1.000.000.000;126,947
30-05-2018;USD;50.000.000;DKK;321.911.245;6,4382
31-05-2018;DKK;16.929.464;GBP;2.000.000;8,4647
31-05-2018;DKK;16.922.424;GBP;2.000.000;8,4612
31-05-2018;DKK;33.980.680;GBP;4.000.000;8,4952
31-05-2018;USD;50.000.000;DKK;321.771.500;6,4354
31-05-2018;USD;50.000.000;DKK;319.725.370;6,3945
01-06-2018;DKK;304.718.240;USD;50.000.000;6,0944
01-06-2018;JPY;500.000.000;DKK;29.422.000;0,0588
01-06-2018;DKK;29.445.000;JPY;500.000.000;0,0589
04-06-2018;DKK;296.103.585;USD;50.000.000;5,9221
04-06-2018;DKK;296.213.865;USD;50.000.000;5,9243
04-06-2018;DKK;2.615.544;INR;27.387.891;0,0955
04-06-2018;ILS;551.688;DKK;986.198;1,7876
04-06-2018;ILS;666.006;DKK;1.190.552;1,7876
04-06-2018;USD;50.000.000;DKK;318.826.995;6,3765
04-06-2018;USD;25.000.000;DKK;159.270.498;6,3708
06-06-2018;DKK;304.859.525;USD;50.000.000;6,0972
06-06-2018;DKK;991.970;KES;15.647.697;0,0634
06-06-2018;DKK;159.768;RSD;2.525.170;0,0633
06-06-2018;RSD;3.237.986;DKK;203.313;0,0628
07-06-2018;SEK;30.000.000;DKK;21.658.200;0,7219
07-06-2018;DKK;241.879;RSD;3.819.948;0,0633
07-06-2018;DKK;29.772.000;CNH;30.000.000;0,9924
11-06-2018;DKK;295.914.540;USD;50.000.000;5,9183
11-06-2018;DKK;17.270.000;AED;10.000.000;1,727
11-06-2018;DKK;23.746.727;AED;13.762.230;1,7255
11-06-2018;DKK;1.463.191;KES;23.126.137;0,0633
11-06-2018;DKK;3.715.882;MAD;5.523.011;0,6728
12-06-2018;CNH;50.000.000;DKK;49.515.000;0,9903
13-06-2018;DKK;300.885.775;USD;50.000.000;6,0177
13-06-2018;DKK;531.600;RSD;8.399.425;0,0633
13-06-2018;DKK;1.949.926;RSD;30.809.389;0,0633
13-06-2018;ZAR;40.000.000;DKK;19.220.000;0,4805
13-06-2018;GBP;8.000.000;DKK;67.664.622;8,4581
14-06-2018;DKK;300.374.670;USD;50.000.000;6,0075
15-06-2018;NOK;25.000.000;DKK;19.728.000;0,7891
15-06-2018;DKK;316.480.000;USD;50.000.000;6,3296
18-06-2018;DKK;295.814.120;USD;50.000.000;5,9163
18-06-2018;DKK;296.117.705;USD;50.000.000;5,9224
18-06-2018;USD;50.000.000;DKK;318.433.000;6,3687
19-06-2018;DKK;58.044.000;JPY;1.000.000.000;0,058
19-06-2018;USD;50.000.000;DKK;320.740.490;6,4148
20-06-2018;EUR;25.000.000;DKK;186.244.500;7,4498
20-06-2018;GBP;3.000.000;DKK;25.509.030;8,503
20-06-2018;JPY;900.000.000;DKK;52.295.400;0,0581
21-06-2018;USD;50.000.000;DKK;322.713.000;6,4543
21-06-2018;DKK;7.873.702;NOK;10.000.000;0,7874
22-06-2018;CAD;7.000.000;DKK;33.675.917;4,8108
22-06-2018;DKK;2.199.934;INR;23.060.108;0,0954
25-06-2018;DKK;299.377.005;USD;50.000.000;5,9875
26-06-2018;DKK;304.439.525;USD;50.000.000;6,0888
26-06-2018;DKK;49.440.100;CNH;50.000.000;0,9888
26-06-2018;DKK;99.533.600;CNH;100.000.000;0,9953
26-06-2018;DKK;49.761.850;CNH;50.000.000;0,9952
26-06-2018;DKK;99.119.700;CNH;100.000.000;0,9912
26-06-2018;DKK;99.129.300;CNH;100.000.000;0,9913
26-06-2018;USD;50.000.000;DKK;319.886.000;6,3977
26-06-2018;JPY;500.000.000;DKK;29.068.500;0,0581
26-06-2018;DKK;29.060.000;JPY;500.000.000;0,0581
26-06-2018;DKK;173.298;AED;99.545;1,7409
27-06-2018;DKK;318.286.840;USD;50.000.000;6,3657
27-06-2018;USD;687.500;DKK;4.403.073;6,4045
28-06-2018;CNH;100.000.000;DKK;99.506.600;0,9951
28-06-2018;CNH;50.000.000;DKK;49.748.450;0,995
28-06-2018;CNH;100.000.000;DKK;99.092.500;0,9909
28-06-2018;CNH;100.000.000;DKK;99.101.900;0,991
28-06-2018;PLN;20.000.000;DKK;34.346.000;1,7173
28-06-2018;DKK;255.458.000;USD;40.000.000;6,3865
29-06-2018;DKK;304.361.120;USD;50.000.000;6,0872
29-06-2018;DKK;2.576.137;INR;27.318.528;0,0943
29-06-2018;DKK;192.574.800;USD;30.000.000;6,4192
02-07-2018;USD;50.000.000;DKK;321.645.000;6,4329
02-07-2018;DKK;1.467.974;INR;15.666.750;0,0937
02-07-2018;USD;50.000.000;DKK;319.928.240;6,3986
03-07-2018;DKK;305.984.620;USD;50.000.000;6,1197
03-07-2018;DKK;153.026.193;USD;25.000.000;6,121
03-07-2018;DKK;24.201.500;CAD;5.000.000;4,8403
03-07-2018;DKK;152.968;RSD;2.411.227;0,0634
03-07-2018;DKK;410.125;RSD;6.464.777;0,0634
03-07-2018;DKK;319.905.000;USD;50.000.000;6,3981
05-07-2018;DKK;300.490.990;USD;50.000.000;6,0098
05-07-2018;DKK;300.520.035;USD;50.000.000;6,0104
05-07-2018;DKK;16.426.023;AED;9.413.194;1,745
05-07-2018;HUF;500.000.000;DKK;11.292.500;0,0226
05-07-2018;DKK;1.530.749;INR;16.284.567;0,094
10-07-2018;DKK;320.803.515;USD;50.000.000;6,4161
10-07-2018;DKK;1.260.571;KES;19.770.561;0,0638
10-07-2018;DKK;757.491;KES;11.880.346;0,0638
10-07-2018;DKK;34.246.873;AED;19.829.120;1,7271
11-07-2018;DKK;158.798.355;USD;25.000.000;6,3519
12-07-2018;DKK;500.857;RSD;7.902.444;0,0634
12-07-2018;RUB;200.000.000;DKK;20.344.000;0,1017
12-07-2018;DKK;191.028.900;USD;30.000.000;6,3676
17-07-2018;GBP;2.000.000;DKK;16.869.240;8,4346
17-07-2018;DKK;320.510.785;USD;50.000.000;6,4102
17-07-2018;DKK;19.131.992;CHF;3.000.000;6,3773
18-07-2018;DKK;308.539.805;USD;50.000.000;6,1708
18-07-2018;RUB;200.000.000;DKK;20.448.000;0,1022
19-07-2018;HUF;500.000.000;DKK;11.523.500;0,023
19-07-2018;USD;50.000.000;DKK;318.410.000;6,3682
19-07-2018;USD;50.000.000;DKK;318.328.000;6,3666
19-07-2018;EUR;34.537.283;USD;40.000.000;1,1582
23-07-2018;DKK;519.117;RSD;8.186.667;0,0634
23-07-2018;DKK;3.325.425;MAD;4.894.649;0,6794
23-07-2018;USD;40.000.000;EUR;34.527.704;1,1585
24-07-2018;DKK;1.816.917;INR;19.390.791;0,0937
24-07-2018;DKK;6.314.893;INR;67.394.800;0,0937
24-07-2018;DKK;2.777.064;INR;29.637.826;0,0937
25-07-2018;DKK;297.425.840;USD;50.000.000;5,9485
25-07-2018;DKK;321.840.015;USD;50.000.000;6,4368
26-07-2018;DKK;301.177.465;USD;50.000.000;6,0235
26-07-2018;DKK;301.172.500;USD;50.000.000;6,0235
27-07-2018;CNH;75.000.000;DKK;68.883.150;0,9184
27-07-2018;CNH;25.000.000;DKK;22.892.650;0,9157
27-07-2018;DKK;318.216.785;USD;50.000.000;6,3643
27-07-2018;DKK;318.134.885;USD;50.000.000;6,3627
27-07-2018;DKK;93.392.100;CNH;100.000.000;0,9339
27-07-2018;DKK;57.346.000;JPY;1.000.000.000;0,0573
27-07-2018;DKK;57.344.000;JPY;1.000.000.000;0,0573
30-07-2018;SAR;15.000.000;DKK;25.477.500;1,6985
30-07-2018;DKK;756.206;KES;11.852.763;0,0638
30-07-2018;MXN;25.000.000;DKK;8.507.500;0,3403
30-07-2018;USD;50.000.000;DKK;318.552.000;6,371
30-07-2018;USD;50.000.000;DKK;318.605.000;6,3721
30-07-2018;DKK;2.382.352;INR;25.447.584;0,0936
31-07-2018;DKK;67.609.505;GBP;8.000.000;8,4512
31-07-2018;DKK;16.883.320;GBP;2.000.000;8,4417
31-07-2018;JPY;1.000.000.000;DKK;57.342.770;0,0573
31-07-2018;JPY;1.000.000.000;DKK;57.340.770;0,0573
31-07-2018;JPY;300.000.000;DKK;17.296.500;0,0577
31-07-2018;DKK;1.001.686;INR;10.716.088;0,0935
01-08-2018;DKK;318.164.550;USD;50.000.000;6,3633
02-08-2018;DKK;300.970.250;USD;50.000.000;6,0194
03-08-2018;EUR;50.000.000;DKK;372.582.240;7,4516
06-08-2018;DKK;310.796.855;USD;50.000.000;6,2159
06-08-2018;USD;30.000.000;DKK;192.761.847;6,4254
07-08-2018;DKK;311.810.250;USD;50.000.000;6,2362
07-08-2018;DKK;192.747.600;USD;30.000.000;6,4249
07-08-2018;JPY;500.000.000;DKK;28.926.500;0,0579
07-08-2018;DKK;257.591.600;USD;40.000.000;6,4398
07-08-2018;DKK;28.942.500;JPY;500.000.000;0,0579
08-08-2018;DKK;31.065.765;AED;17.650.000;1,7601
08-08-2018;CZK;50.000.000;DKK;14.525.000;0,2905
09-08-2018;DKK;300.778.750;USD;50.000.000;6,0156
09-08-2018;DKK;1.569.605;KES;24.334.954;0,0645
09-08-2018;DKK;7.537.652;ILS;4.318.086;1,7456
09-08-2018;DKK;3.423.655;MAD;4.990.388;0,6861
10-08-2018;CNH;50.000.000;DKK;47.613.200;0,9523
13-08-2018;DKK;310.603.615;USD;50.000.000;6,2121
13-08-2018;USD;50.000.000;DKK;321.738.500;6,4348
14-08-2018;DKK;311.628.815;USD;50.000.000;6,2326
15-08-2018;DKK;311.261.970;USD;50.000.000;6,2252
15-08-2018;DKK;539.469;RSD;8.504.953;0,0634
15-08-2018;DKK;1.039.187;RSD;16.385.792;0,0634
15-08-2018;DKK;29.418.500;JPY;500.000.000;0,0588
15-08-2018;TRY;5.000.000;DKK;4.739.500;0,9479
15-08-2018;TRY;5.000.000;DKK;4.738.500;0,9477
16-08-2018;DKK;11.486.390;RON;7.167.347;1,6026
16-08-2018;DKK;863.609;INR;9.194.671;0,0939
16-08-2018;DKK;561.414;INR;5.979.424;0,0939
17-08-2018;DKK;503.269;HRK;500.930;1,0047
20-08-2018;DKK;311.204.730;USD;50.000.000;6,2241
22-08-2018;DKK;29.538.500;JPY;500.000.000;0,0591
23-08-2018;DKK;3.129.446;INR;33.291.975;0,094
23-08-2018;USD;50.000.000;DKK;323.664.000;6,4733
24-08-2018;CZK;50.000.000;DKK;14.490.000;0,2898
27-08-2018;DKK;311.783.770;USD;50.000.000;6,2357
28-08-2018;CNH;15.000.000;DKK;13.681.485;0,9121
28-08-2018;CNH;50.000.000;DKK;45.968.250;0,9194
28-08-2018;DKK;313.290.825;USD;50.000.000;6,2658
29-08-2018;EUR;16.835.435;USD;20.000.000;1,188
29-08-2018;DKK;313.448.865;USD;50.000.000;6,269
29-08-2018;DKK;330.008;RSD;5.204.354;0,0634
29-08-2018;SAR;30.000.000;DKK;51.261.000;1,7087
29-08-2018;RUB;300.000.000;DKK;28.641.000;0,0955
31-08-2018;DKK;34.391.736;JPY;600.000.000;0,0573
31-08-2018;USD;5.637.743;DKK;36.061.033;6,3964
04-09-2018;DKK;241.294;RSD;3.811.313;0,0633
04-09-2018;DKK;2.504.949;INR;27.557.192;0,0909
07-09-2018;CZK;70.000.000;DKK;20.265.000;0,2895
10-09-2018;DKK;46.974.350;CNH;50.000.000;0,9395
10-09-2018;DKK;372.882.905;EUR;50.000.000;7,4577
12-09-2018;DKK;321.007.300;USD;50.000.000;6,4201
12-09-2018;DKK;2.918.744;MAD;4.258.454;0,6854
12-09-2018;DKK;33.303.519;AED;18.958.000;1,7567
13-09-2018;DKK;1.854.857;KES;28.839.299;0,0643
13-09-2018;ZAR;75.000.000;DKK;31.987.500;0,4265
14-09-2018;DKK;46.954.950;CNH;50.000.000;0,9391
19-09-2018;DKK;316.121.640;USD;50.000.000;6,3224
19-09-2018;DKK;1.787.310;INR;19.992.278;0,0894
20-09-2018;USD;50.000.000;DKK;318.696.000;6,3739
20-09-2018;CZK;70.000.000;DKK;20.517.000;0,2931
21-09-2018;DKK;839.771;RSD;13.266.521;0,0633
21-09-2018;DKK;593.191;RSD;9.371.103;0,0633
24-09-2018;AED;200.000;DKK;347.000;1,735
24-09-2018;AED;8.400.000;DKK;14.574.000;1,735
25-09-2018;USD;50.000.000;DKK;317.205.500;6,3441
26-09-2018;CNH;100.000.000;DKK;91.556.700;0,9156
26-09-2018;DKK;318.255.155;USD;50.000.000;6,3651
26-09-2018;CNH;100.000.000;DKK;92.860.700;0,9286
26-09-2018;DKK;92.614.000;CNH;100.000.000;0,9261
26-09-2018;DKK;92.734.000;CNH;100.000.000;0,9273
26-09-2018;DKK;92.613.100;CNH;100.000.000;0,9261
26-09-2018;DKK;92.563.100;CNH;100.000.000;0,9256
27-09-2018;CNH;55.000.000;DKK;53.939.875;0,9807
27-09-2018;USD;50.000.000;DKK;316.586.000;6,3317
27-09-2018;USD;50.000.000;DKK;316.704.000;6,3341
28-09-2018;CAD;5.000.000;DKK;24.071.613;4,8143
28-09-2018;CNH;100.000.000;DKK;92.583.900;0,9258
28-09-2018;CNH;100.000.000;DKK;92.703.900;0,927
28-09-2018;DKK;317.132.375;USD;50.000.000;6,3426
28-09-2018;DKK;316.560.415;USD;50.000.000;6,3312
28-09-2018;DKK;316.678.415;USD;50.000.000;6,3336
28-09-2018;DKK;1.137.800;INR;12.944.250;0,0879
30-09-2018;DKK;24.976.920;GBP;3.000.000;8,3256
01-10-2018;DKK;2.269.109;INR;25.668.652;0,0884
01-10-2018;DKK;39.545.800;JPY;700.000.000;0,0565
02-10-2018;DKK;513.098;RSD;8.113.501;0,0632
02-10-2018;DKK;136.968;RSD;2.166.182;0,0632
04-10-2018;DKK;322.589.065;USD;50.000.000;6,4518
04-10-2018;DKK;653.483;INR;7.342.500;0,089
04-10-2018;TRY;21.000.000;DKK;22.579.200;1,0752
05-10-2018;DKK;26.129.920;CHF;4.000.000;6,5325
05-10-2018;DKK;34.080.600;JPY;600.000.000;0,0568
09-10-2018;DKK;32.439.750;AED;18.500.000;1,7535
09-10-2018;DKK;4.296.163;MAD;6.217.492;0,691
10-10-2018;DKK;11.365.200;JPY;200.000.000;0,0568
10-10-2018;DKK;1.898.495;KES;29.198.627;0,065
10-10-2018;DKK;591.923;RSD;9.377.744;0,0631
10-10-2018;DKK;326.228.010;USD;50.000.000;6,5246
10-10-2018;DKK;326.204.510;USD;50.000.000;6,5241
11-10-2018;SAR;25.000.000;DKK;43.445.000;1,7378
12-10-2018;DKK;575.557;INR;6.525.584;0,0882
16-10-2018;SAR;14.000.000;DKK;24.014.200;1,7153
16-10-2018;DKK;608.454;INR;6.930.000;0,0878
17-10-2018;EUR;7.721.411;JPY;1.000.000.000;129,51
18-10-2018;USD;50.000.000;DKK;326.007.040;6,5201
18-10-2018;USD;50.000.000;DKK;325.983.570;6,5197
18-10-2018;CNH;100.000.000;DKK;93.100.000;0,931
22-10-2018;USD;50.000.000;DKK;323.976.000;6,4795
22-10-2018;USD;50.000.000;DKK;324.115.500;6,4823
22-10-2018;USD;50.000.000;DKK;324.162.500;6,4833
23-10-2018;DKK;6.319.282;INR;70.606.500;0,0895
23-10-2018;DKK;1.831.445;INR;20.463.068;0,0895
23-10-2018;DKK;3.544.957;INR;39.608.461;0,0895
23-10-2018;TRY;3.394.138;DKK;3.906.653;1,151
24-10-2018;DKK;316.766.455;USD;50.000.000;6,3353
26-10-2018;DKK;46.761.550;CNH;50.000.000;0,9352
26-10-2018;DKK;923.144;RSD;14.606.712;0,0632
26-10-2018;DKK;2.373.716;INR;26.257.921;0,0904
30-10-2018;PLN;20.000.000;DKK;34.558.000;1,7279
31-10-2018;JPY;700.000.000;DKK;39.218.760;0,056
31-10-2018;JPY;200.000.000;DKK;11.366.562;0,0568
31-10-2018;DKK;57.930.000;JPY;1.000.000.000;0,0579
31-10-2018;DKK;526.677;INR;5.838.986;0,0902
01-11-2018;DKK;224.223;RSD;3.539.995;0,0633
01-11-2018;DKK;1.082.022;INR;12.035.845;0,0899
02-11-2018;CNH;75.000.000;DKK;70.785.150;0,9438
05-11-2018;ILS;5.000.000;DKK;8.838.500;1,7677
06-11-2018;USD;40.000.000;DKK;246.798.000;6,17
06-11-2018;DKK;318.372.610;USD;50.000.000;6,3675
06-11-2018;CNH;100.000.000;DKK;94.750.000;0,9475
06-11-2018;DKK;19.920.000;THB;100.000.000;0,1992
07-11-2018;DKK;34.236.166;AED;19.178.850;1,7851
08-11-2018;SAR;30.000.000;DKK;52.203.000;1,7401
09-11-2018;DKK;2.904.233;KES;44.876.590;0,0647
13-11-2018;PLN;20.000.000;DKK;34.764.000;1,7382
13-11-2018;DKK;4.709.394;MAD;6.748.917;0,6978
14-11-2018;DKK;9.974.609;ILS;5.558.743;1,7944
14-11-2018;CNH;50.000.000;DKK;47.555.000;0,9511
15-11-2018;DKK;95.470.000;CNH;100.000.000;0,9547
15-11-2018;USD;50.000.000;DKK;331.155.500;6,6231
16-11-2018;DKK;15.794.607;RON;9.860.536;1,6018
19-11-2018;USD;50.000.000;DKK;330.021.000;6,6004
19-11-2018;USD;50.000.000;DKK;330.077.500;6,6016
20-11-2018;ILS;5.000.000;DKK;8.861.000;1,7722
21-11-2018;SAR;20.000.000;DKK;34.820.000;1,741
22-11-2018;DKK;1.441.902;INR;15.621.904;0,0923
23-11-2018;CZK;70.000.000;DKK;20.062.000;0,2866
26-11-2018;DKK;92.669.600;CNH;100.000.000;0,9267
26-11-2018;DKK;94.570.300;CNH;100.000.000;0,9457
26-11-2018;ILS;58.938;DKK;103.437;1,755
26-11-2018;DKK;7.242.200;SEK;10.000.000;0,7242
26-11-2018;USD;50.000.000;DKK;327.049.500;6,541
27-11-2018;CNH;35.000.000;DKK;34.050.835;0,9729
27-11-2018;DKK;315.529.565;USD;50.000.000;6,3106
27-11-2018;DKK;1.525.253;RSD;24.101.329;0,0633
28-11-2018;DKK;315.556.150;USD;50.000.000;6,3111
29-11-2018;CNH;100.000.000;DKK;91.781.300;0,9178
29-11-2018;DKK;154.312;AED;86.473;1,7845
30-11-2018;CAD;3.000.000;DKK;14.413.500;4,8045
30-11-2018;JPY;300.000.000;DKK;16.807.425;0,056
04-12-2018;USD;45.000.000;DKK;277.273.503;6,1616
04-12-2018;DKK;1.083.136;INR;11.461.759;0,0945
04-12-2018;DKK;405.369;RSD;6.398.880;0,0634
04-12-2018;DKK;154.365;RSD;2.436.709;0,0634
05-12-2018;DKK;329.647.970;USD;50.000.000;6,593
05-12-2018;DKK;1.848.871;INR;19.585.500;0,0944
06-12-2018;DKK;526.837;INR;5.616.600;0,0938
07-12-2018;CAD;3.000.000;DKK;14.469.246;4,8231
07-12-2018;DKK;32.943.750;CHF;5.000.000;6,5888
07-12-2018;DKK;1.813.395;INR;19.353.203;0,0937
07-12-2018;DKK;1.748.449;INR;18.640.179;0,0938
07-12-2018;DKK;526.218;INR;5.610.000;0,0938
10-12-2018;DKK;29.177.000;JPY;500.000.000;0,0584
10-12-2018;DKK;43.200.551;AED;24.193.857;1,7856
10-12-2018;USD;50.000.000;DKK;328.048.990;6,561
11-12-2018;DKK;328.023.000;USD;50.000.000;6,5605
12-12-2018;DKK;601.853;INR;6.492.485;0,0927
12-12-2018;USD;50.000.000;DKK;327.688.240;6,5538
12-12-2018;USD;50.000.000;DKK;328.474.240;6,5695
13-12-2018;DKK;5.356.500;AED;3.000.000;1,7855
13-12-2018;DKK;327.662.000;USD;50.000.000;6,5532
13-12-2018;GBP;5.000.000;DKK;41.368.800;8,2738
13-12-2018;DKK;328.448.000;USD;50.000.000;6,569
14-12-2018;DKK;2.484.034;KES;38.086.996;0,0652
17-12-2018;DKK;329.265.645;USD;50.000.000;6,5853
17-12-2018;CNH;60.000.000;DKK;57.270.000;0,9545
18-12-2018;USD;50.000.000;DKK;311.837.500;6,2368
18-12-2018;DKK;10.898.550;SEK;15.000.000;0,7266
18-12-2018;EUR;7.802.686;JPY;1.000.000.000;128,161
19-12-2018;USD;20.000.000;DKK;122.355.400;6,1178
19-12-2018;CNH;100.000.000;DKK;94.347.000;0,9435
19-12-2018;DKK;6.229.218;MAD;8.982.807;0,6935
20-12-2018;DKK;828.991;KES;12.734.110;0,0651
20-12-2018;DKK;6.262.200;AED;3.500.000;1,7892
20-12-2018;DKK;46.664.000;JPY;800.000.000;0,0583
21-12-2018;CNH;100.000.000;DKK;91.478.400;0,9148
21-12-2018;DKK;2.105.027;INR;22.322.660;0,0943
21-12-2018;DKK;8.726.359;INR;92.538.270;0,0943
21-12-2018;DKK;32.981.500;CHF;5.000.000;6,5963
27-12-2018;DKK;3.243.470;INR;34.286.154;0,0946
27-12-2018;DKK;327.151.255;USD;50.000.000;6,543
28-12-2018;JPY;1.000.000.000;DKK;55.802.000;0,0558
28-12-2018;USD;50.000.000;DKK;312.475.130;6,2495
28-12-2018;CNH;25.000.000;DKK;23.670.000;0,9468
28-12-2018;NOK;20.000.000;DKK;15.018.000;0,7509
28-12-2018;JPY;1.000.000.000;DKK;58.824.000;0,0588
28-12-2018;JPY;1.000.000.000;DKK;58.817.000;0,0588
28-12-2018;USD;50.000.000;DKK;327.121.000;6,5424
28-12-2018;DKK;229.282.585;USD;35.000.000;6,5509
31-12-2018;DKK;41.346.213;GBP;5.000.000;8,2692
02-01-2019;DKK;315.783.615;USD;50.000.000;6,3157
02-01-2019;USD;35.000.000;DKK;229.153.050;6,5472
02-01-2019;USD;50.000.000;DKK;327.397.500;6,548
02-01-2019;USD;30.000.000;DKK;196.292.400;6,5431
03-01-2019;DKK;558.082;RSD;8.788.685;0,0635
03-01-2019;DKK;631.398;RSD;9.946.407;0,0635
03-01-2019;DKK;141.137;RSD;2.223.332;0,0635
03-01-2019;DKK;2.696.548;INR;28.595.418;0,0943
03-01-2019;DKK;196.632;INR;2.085.177;0,0943
03-01-2019;EUR;50.000.000;DKK;373.359.500;7,4672
04-01-2019;CAD;2.000.000;DKK;9.535.052;4,7675
07-01-2019;DKK;38.031.423;AED;21.327.626;1,7832
07-01-2019;DKK;8.753.000;SAR;5.000.000;1,7506
08-01-2019;USD;50.000.000;DKK;307.405.000;6,1481
08-01-2019;DKK;359.505;RSD;5.674.902;0,0634
08-01-2019;HUF;500.000.000;DKK;11.621.000;0,0232
08-01-2019;SEK;30.000.000;DKK;21.885.600;0,7295
08-01-2019;AUD;15.000.000;DKK;69.273.000;4,6182
09-01-2019;GBP;4.000.000;DKK;32.996.800;8,2492
09-01-2019;USD;50.000.000;DKK;305.956.500;6,1191
10-01-2019;DKK;5.170.310;INR;54.770.232;0,0944
10-01-2019;DKK;1.258.365;INR;13.330.137;0,0944
10-01-2019;DKK;11.755.752;ILS;6.668.039;1,763
11-01-2019;CAD;5.000.000;DKK;23.765.562;4,7531
11-01-2019;JPY;1.000.000.000;DKK;59.890.000;0,0599
14-01-2019;DKK;1.758.904;KES;27.143.579;0,0648
14-01-2019;USD;50.000.000;DKK;323.911.500;6,4782
14-01-2019;USD;25.000.000;DKK;161.942.500;6,4777
15-01-2019;DKK;325.680.005;USD;50.000.000;6,5136
17-01-2019;USD;50.000.000;DKK;325.617.440;6,5123
17-01-2019;DKK;4.931.624;INR;52.914.418;0,0932
18-01-2019;CAD;5.000.000;DKK;23.366.531;4,6733
22-01-2019;DKK;5.342.100;AED;3.000.000;1,7807
22-01-2019;DKK;531.622;HRK;528.399;1,0061
22-01-2019;DKK;6.061.765;MAD;8.740.829;0,6935
23-01-2019;DKK;3.797.061;RSD;59.947.284;0,0633
23-01-2019;JPY;1.000.000.000;DKK;59.926.000;0,0599
23-01-2019;DKK;59.930.000;JPY;1.000.000.000;0,0599
24-01-2019;SAR;15.000.000;DKK;26.284.500;1,7523
24-01-2019;USD;50.000.000;DKK;328.644.000;6,5729
24-01-2019;CAD;5.000.000;DKK;24.680.500;4,9361
25-01-2019;CAD;5.000.000;DKK;23.294.020;4,6588
25-01-2019;USD;50.000.000;DKK;328.524.000;6,5705
28-01-2019;CNH;70.000.000;DKK;65.199.330;0,9314
28-01-2019;DKK;326.634.845;USD;50.000.000;6,5327
28-01-2019;DKK;195.834.588;USD;30.000.000;6,5278
28-01-2019;CNH;50.000.000;DKK;48.256.450;0,9651
29-01-2019;USD;20.000.000;DKK;117.120.682;5,856
29-01-2019;USD;50.000.000;DKK;329.160.500;6,5832
30-01-2019;USD;50.000.000;DKK;327.031.500;6,5406
30-01-2019;USD;50.000.000;DKK;326.927.000;6,5385
31-01-2019;DKK;16.618.140;GBP;2.000.000;8,3091
31-01-2019;JPY;500.000.000;DKK;28.188.000;0,0564
31-01-2019;JPY;1.000.000.000;DKK;55.950.000;0,056
31-01-2019;JPY;200.000.000;DKK;11.209.800;0,056
31-01-2019;JPY;800.000.000;DKK;44.180.032;0,0552
31-01-2019;JPY;1.000.000.000;EUR;7.431.574;134,561
31-01-2019;CNH;100.000.000;DKK;93.723.600;0,9372
31-01-2019;DKK;58.813.700;JPY;1.000.000.000;0,0588
31-01-2019;DKK;58.806.130;JPY;1.000.000.000;0,0588
31-01-2019;JPY;1.000.000.000;DKK;59.817.380;0,0598
31-01-2019;DKK;3.828.615;RSD;60.369.204;0,0634
31-01-2019;DKK;59.617.000;JPY;1.000.000.000;0,0596
31-01-2019;USD;50.000.000;DKK;326.587.500;6,5318
31-01-2019;USD;50.000.000;DKK;326.604.500;6,5321
01-02-2019;USD;40.000.000;DKK;232.246.500;5,8062
01-02-2019;USD;10.000.000;DKK;58.542.097;5,8542
01-02-2019;USD;50.000.000;DKK;326.604.500;6,5321
04-02-2019;USD;50.000.000;DKK;301.428.255;6,0286
04-02-2019;USD;50.000.000;DKK;324.988.500;6,4998
04-02-2019;JPY;1.000.000.000;DKK;59.868.000;0,0599
05-02-2019;USD;50.000.000;DKK;296.378.500;5,9276
05-02-2019;DKK;320.671.960;USD;50.000.000;6,4134
05-02-2019;USD;50.000.000;DKK;325.723.500;6,5145
05-02-2019;USD;50.000.000;DKK;325.559.000;6,5112
06-02-2019;DKK;3.530.328;INR;38.373.132;0,092
06-02-2019;DKK;17.755.000;AED;10.000.000;1,7755
06-02-2019;JPY;500.000.000;DKK;29.656.500;0,0593
07-02-2019;DKK;39.343.982;AED;22.099.636;1,7803
12-02-2019;GBP;2.000.000;DKK;16.547.540;8,2738
12-02-2019;GBP;3.000.000;DKK;24.580.320;8,1934
12-02-2019;DKK;320.605.575;USD;50.000.000;6,4121
12-02-2019;TRY;3.456.421;DKK;4.311.886;1,2475
12-02-2019;DKK;2.659.963;KES;39.879.498;0,0667
13-02-2019;DKK;4.069.096;MAD;5.819.229;0,6993
14-02-2019;DKK;320.595.490;USD;50.000.000;6,4119
14-02-2019;EUR;30.000.000;DKK;223.865.700;7,4622
15-02-2019;DKK;24.644.022;CAD;5.000.000;4,9288
15-02-2019;USD;50.000.000;DKK;329.676.500;6,5935
19-02-2019;USD;40.000.000;DKK;233.358.800;5,834
20-02-2019;DKK;326.412.180;USD;50.000.000;6,5282
21-02-2019;DKK;325.090.035;USD;50.000.000;6,5018
21-02-2019;DKK;10.563.300;SEK;15.000.000;0,7042
22-02-2019;CAD;5.000.000;DKK;23.273.353;4,6547
25-02-2019;DKK;327.691.910;USD;50.000.000;6,5538
25-02-2019;DKK;499.613;RSD;7.877.852;0,0634
25-02-2019;DKK;716.097;RSD;11.291.339;0,0634
25-02-2019;USD;50.000.000;DKK;328.615.500;6,5723
26-02-2019;CNH;50.000.000;DKK;47.839.500;0,9568
26-02-2019;DKK;18.602.481;RON;11.846.450;1,5703
27-02-2019;USD;10.000.000;DKK;59.121.223;5,9121
27-02-2019;CNH;50.000.000;DKK;48.027.900;0,9606
27-02-2019;CNH;50.000.000;DKK;47.989.250;0,9598
27-02-2019;CNH;50.000.000;DKK;48.135.050;0,9627
27-02-2019;CNH;100.000.000;DKK;94.202.500;0,942
27-02-2019;DKK;322.645.640;USD;50.000.000;6,4529
27-02-2019;DKK;161.309.675;USD;25.000.000;6,4524
28-02-2019;JPY;500.000.000;DKK;27.726.500;0,0555
28-02-2019;JPY;500.000.000;DKK;27.974.000;0,0559
28-02-2019;JPY;500.000.000;DKK;27.808.500;0,0556
28-02-2019;JPY;1.000.000.000;DKK;54.855.000;0,0549
28-02-2019;JPY;1.000.000.000;EUR;7.361.873;135,835
28-02-2019;USD;50.000.000;DKK;328.301.000;6,566
28-02-2019;USD;50.000.000;DKK;328.281.000;6,5656
01-03-2019;DKK;325.778.515;USD;50.000.000;6,5156
05-03-2019;USD;50.000.000;DKK;292.301.190;5,846
05-03-2019;DKK;794.569;INR;8.571.407;0,0927
05-03-2019;DKK;346.202;RSD;5.457.153;0,0634
08-03-2019;NOK;25.000.000;DKK;19.022.750;0,7609
08-03-2019;SEK;50.000.000;DKK;35.400.500;0,708
08-03-2019;AUD;10.000.000;DKK;46.390.000;4,639
11-03-2019;DKK;325.750.940;USD;50.000.000;6,515
11-03-2019;DKK;1.849.237;KES;27.670.760;0,0668
13-03-2019;USD;20.000.000;DKK;116.571.532;5,8286
13-03-2019;DKK;328.153.510;USD;50.000.000;6,5631
13-03-2019;DKK;30.837.943;AED;17.074.328;1,8061
19-03-2019;USD;40.000.000;DKK;234.531.600;5,8633
19-03-2019;NOK;14.000.000;DKK;10.784.480;0,7703
19-03-2019;SEK;28.000.000;DKK;19.884.760;0,7102
19-03-2019;DKK;41.359.500;JPY;700.000.000;0,0591
20-03-2019;DKK;327.697.670;USD;50.000.000;6,554
20-03-2019;DKK;810.981;INR;8.377.904;0,0968
20-03-2019;DKK;4.286.832;MAD;6.212.800;0,69
20-03-2019;EUR;50.000.000;DKK;373.117.000;7,4623
20-03-2019;GBP;2.000.000;DKK;17.406.520;8,7033
21-03-2019;DKK;327.110.735;USD;50.000.000;6,5422
21-03-2019;CHF;6.500.000;EUR;5.724.351;1,1355
22-03-2019;DKK;10.737.000;SEK;15.000.000;0,7158
25-03-2019;USD;30.000.000;DKK;175.387.500;5,8463
25-03-2019;DKK;563.700;INR;5.835.407;0,0966
25-03-2019;DKK;4.462.000;AED;2.500.000;1,7848
26-03-2019;DKK;323.254.540;USD;50.000.000;6,4651
27-03-2019;CNH;30.000.000;DKK;28.688.850;0,9563
27-03-2019;TRY;10.000.000;DKK;11.581.000;1,1581
27-03-2019;GBP;3.000.000;DKK;26.183.010;8,7277
28-03-2019;DKK;649.227;RSD;10.219.225;0,0635
28-03-2019;DKK;1.786.486;RSD;28.120.345;0,0635
28-03-2019;USD;50.000.000;DKK;330.473.500;6,6095
29-03-2019;JPY;500.000.000;DKK;27.472.500;0,0549
29-03-2019;JPY;700.000.000;DKK;38.232.600;0,0546
29-03-2019;JPY;1.000.000.000;EUR;7.389.672;135,324
29-03-2019;DKK;11.431.400;JPY;200.000.000;0,0572
29-03-2019;CAD;3.000.000;DKK;13.970.360;4,6568
29-03-2019;JPY;1.000.000.000;DKK;56.771.810;0,0568
29-03-2019;DKK;327.450.225;USD;50.000.000;6,549
29-03-2019;DKK;531.942;RSD;8.370.451;0,0636
01-04-2019;USD;50.000.000;DKK;330.375.585;6,6075
01-04-2019;USD;50.000.000;DKK;332.336.495;6,6467
02-04-2019;DKK;530.413;INR;5.440.133;0,0975
02-04-2019;DKK;464.305;RSD;7.304.988;0,0636
02-04-2019;DKK;111.459;RSD;1.753.884;0,0636
02-04-2019;EUR;4.830.140;JPY;600.000.000;124,22
02-04-2019;DKK;332.305.000;USD;50.000.000;6,6461
03-04-2019;USD;50.000.000;DKK;293.001.500;5,86
03-04-2019;DKK;648.134;INR;6.688.688;0,0969
04-04-2019;USD;25.000.000;DKK;166.176.430;6,6471
05-04-2019;SEK;35.000.000;DKK;25.051.250;0,7158
05-04-2019;TRY;15.000.000;DKK;17.719.500;1,1813
05-04-2019;RUB;150.000.000;DKK;15.262.500;0,1018
05-04-2019;EUR;20.000.000;DKK;149.283.400;7,4642
05-04-2019;DKK;332.440.000;USD;50.000.000;6,6488
08-04-2019;DKK;51.507.290;AED;28.504.311;1,807
09-04-2019;USD;40.000.000;EUR;31.320.226;1,2771
09-04-2019;DKK;3.121.921;KES;46.665.483;0,0669
09-04-2019;CNH;50.000.000;DKK;49.520.000;0,9904
10-04-2019;GBP;2.000.000;DKK;16.544.632;8,2723
10-04-2019;GBP;2.000.000;DKK;16.440.740;8,2204
10-04-2019;DKK;1.952.658;INR;20.172.091;0,0968
10-04-2019;HKD;15.000.000;DKK;12.687.000;0,8458
10-04-2019;PLN;15.000.000;DKK;26.109.000;1,7406
11-04-2019;EUR;3.187.454;JPY;400.000.000;125,492
11-04-2019;DKK;331.032.000;USD;50.000.000;6,6206
11-04-2019;JPY;900.000.000;DKK;53.618.400;0,0596
12-04-2019;CAD;5.000.000;DKK;24.129.328;4,8259
15-04-2019;DKK;326.885.595;USD;50.000.000;6,5377
15-04-2019;USD;50.000.000;DKK;330.907.955;6,6182
15-04-2019;DKK;9.760.662;HRK;9.693.775;1,0069
15-04-2019;DKK;3.236.639;INR;33.505.582;0,0966
15-04-2019;DKK;3.708.226;INR;38.387.428;0,0966
17-04-2019;USD;50.000.000;DKK;332.080.470;6,6416
17-04-2019;DKK;53.614.206;JPY;900.000.000;0,0596
17-04-2019;DKK;7.188.800;AED;4.000.000;1,7972
17-04-2019;DKK;264.200.016;USD;40.000.000;6,605
23-04-2019;USD;40.000.000;DKK;234.231.200;5,8558
23-04-2019;EUR;50.000.000;DKK;373.219.000;7,4644
23-04-2019;EUR;50.000.000;DKK;373.211.000;7,4642
23-04-2019;EUR;50.000.000;DKK;373.212.000;7,4642
23-04-2019;EUR;25.000.000;DKK;186.610.250;7,4644
24-04-2019;USD;40.000.000;DKK;234.124.800;5,8531
24-04-2019;DKK;323.405.300;USD;50.000.000;6,4681
24-04-2019;USD;40.000.000;DKK;264.031.072;6,6008
24-04-2019;AUD;6.280.199;DKK;29.831.572;4,7501
24-04-2019;DKK;7.151.800;SEK;10.000.000;0,7152
24-04-2019;USD;50.000.000;DKK;330.190.000;6,6038
25-04-2019;DKK;5.425.500;AED;3.000.000;1,8085
25-04-2019;DKK;1.360.150;INR;14.138.778;0,0962
25-04-2019;DKK;4.089.736;INR;42.512.853;0,0962
25-04-2019;DKK;8.406.882;INR;87.389.622;0,0962
25-04-2019;DKK;4.872.901;MAD;7.011.369;0,695
25-04-2019;CZK;55.000.000;DKK;15.950.000;0,29
26-04-2019;JPY;500.000.000;DKK;27.428.750;0,0549
26-04-2019;JPY;500.000.000;DKK;27.968.000;0,0559
26-04-2019;CAD;2.000.000;DKK;9.938.275;4,9691
26-04-2019;JPY;200.000.000;DKK;11.926.852;0,0596
29-04-2019;CNH;50.000.000;DKK;46.158.700;0,9232
29-04-2019;USD;50.000.000;DKK;335.444.500;6,7089
30-04-2019;USD;30.000.000;DKK;174.396.600;5,8132
30-04-2019;DKK;325.685.210;USD;50.000.000;6,5137
30-04-2019;DKK;689.470;RSD;10.847.549;0,0636
30-04-2019;DKK;643.682;RSD;10.127.151;0,0636
30-04-2019;USD;50.000.000;DKK;334.930.000;6,6986
02-05-2019;DKK;323.884.795;USD;50.000.000;6,4777
03-05-2019;DKK;127.773;RSD;2.008.064;0,0636
03-05-2019;DKK;189.285;RSD;2.974.768;0,0636
03-05-2019;DKK;333.152.015;USD;50.000.000;6,663
06-05-2019;RSD;1.750.343;DKK;110.377;0,0631
06-05-2019;RUB;250.000.000;DKK;25.465.000;0,1019
07-05-2019;DKK;323.757.840;USD;50.000.000;6,4752
07-05-2019;DKK;59.208.000;CNH;60.000.000;0,9868
07-05-2019;HUF;500.000.000;DKK;11.536.500;0,0231
07-05-2019;SGD;10.000.000;DKK;49.090.000;4,909
07-05-2019;DKK;334.780.000;USD;50.000.000;6,6956
07-05-2019;SEK;35.000.000;DKK;24.392.900;0,6969
07-05-2019;DKK;200.837.100;USD;30.000.000;6,6946
08-05-2019;USD;50.000.000;DKK;333.000.380;6,66
08-05-2019;USD;50.000.000;DKK;334.750.090;6,695
08-05-2019;USD;30.000.000;DKK;200.819.154;6,694
08-05-2019;DKK;45.437.500;AED;25.000.000;1,8175
08-05-2019;DKK;30.141.500;JPY;500.000.000;0,0603
08-05-2019;HUF;400.000.000;DKK;9.231.200;0,0231
09-05-2019;DKK;322.206.180;USD;50.000.000;6,4441
09-05-2019;NOK;20.000.000;DKK;15.298.800;0,7649
10-05-2019;CAD;3.000.000;DKK;14.182.298;4,7274
10-05-2019;CAD;3.000.000;DKK;14.063.695;4,6879
10-05-2019;CAD;2.000.000;DKK;9.489.077;4,7445
10-05-2019;DKK;902.043;KES;13.523.882;0,0667
13-05-2019;DKK;900.488;KES;13.523.882;0,0666
13-05-2019;DKK;2.586.102;KES;38.839.101;0,0666
14-05-2019;USD;50.000.000;DKK;294.188.775;5,8838
14-05-2019;DKK;878.148;INR;9.204.907;0,0954
15-05-2019;USD;50.000.000;DKK;291.349.000;5,827
15-05-2019;JPY;500.000.000;DKK;30.400.500;0,0608
15-05-2019;USD;40.000.000;DKK;265.317.200;6,6329
16-05-2019;PLN;15.000.000;DKK;26.011.500;1,7341
16-05-2019;DKK;3.060.609;INR;32.115.518;0,0953
20-05-2019;USD;50.000.000;DKK;290.285.000;5,8057
20-05-2019;DKK;3.576.188;MAD;5.160.445;0,693
20-05-2019;DKK;1.172.508;RSD;18.421.172;0,0637
20-05-2019;DKK;732.097;RSD;11.501.911;0,0637
20-05-2019;DKK;48.290.000;CNH;50.000.000;0,9658
20-05-2019;EUR;35.000.000;DKK;261.426.550;7,4693
21-05-2019;DKK;21.496.141;AED;11.783.227;1,8243
22-05-2019;DKK;2.575.364;INR;26.550.140;0,097
23-05-2019;HUF;600.000.000;DKK;13.706.400;0,0228
23-05-2019;USD;50.000.000;DKK;334.894.000;6,6979
23-05-2019;DKK;20.221.740;RON;12.874.349;1,5707
24-05-2019;CAD;4.000.000;DKK;18.874.436;4,7186
24-05-2019;DKK;849.858;INR;8.779.523;0,0968
28-05-2019;DKK;334.068.605;USD;50.000.000;6,6814
28-05-2019;DKK;49.502.100;CNH;50.000.000;0,99
28-05-2019;EUR;30.000.000;DKK;224.032.500;7,4678
29-05-2019;JPY;400.000.000;DKK;22.428.800;0,0561
29-05-2019;DKK;326.597.820;USD;50.000.000;6,532
04-06-2019;USD;20.000.000;DKK;119.022.000;5,9511
04-06-2019;DKK;48.260.000;CNH;50.000.000;0,9652
04-06-2019;DKK;345.736;RSD;5.442.086;0,0635
04-06-2019;EUR;6.105.450;DKK;45.598.554;7,4685
04-06-2019;JPY;200.000.000;DKK;12.254.000;0,0613
04-06-2019;JPY;600.000.000;DKK;36.756.600;0,0613
04-06-2019;DKK;2.740.454;INR;28.427.942;0,0964
07-06-2019;CAD;2.000.000;DKK;9.495.283;4,7476
07-06-2019;JPY;500.000.000;DKK;30.687.000;0,0614
07-06-2019;SEK;50.000.000;DKK;35.141.500;0,7028
07-06-2019;RUB;300.000.000;DKK;30.525.000;0,1018
07-06-2019;HUF;300.000.000;DKK;6.958.800;0,0232
07-06-2019;JPY;500.000.000;DKK;30.726.500;0,0615
07-06-2019;DKK;331.673.275;USD;50.000.000;6,6335
07-06-2019;DKK;165.829.888;USD;25.000.000;6,6332
11-06-2019;DKK;335.620.470;USD;50.000.000;6,7124
11-06-2019;DKK;97.736;AED;54.094;1,8068
11-06-2019;CZK;50.000.000;DKK;14.550.000;0,291
11-06-2019;EUR;30.000.000;DKK;224.058.900;7,4686
12-06-2019;GBP;4.000.000;DKK;33.365.040;8,3413
12-06-2019;GBP;3.000.000;DKK;24.998.910;8,333
12-06-2019;GBP;2.000.000;DKK;16.676.864;8,3384
12-06-2019;USD;50.000.000;DKK;331.532.500;6,6307
12-06-2019;USD;25.000.000;DKK;165.759.500;6,6304
12-06-2019;NOK;35.000.000;DKK;26.683.300;0,7624
12-06-2019;DKK;53.907.000;AED;30.000.000;1,7969
13-06-2019;GBP;3.000.000;DKK;25.166.220;8,3887
13-06-2019;USD;30.000.000;DKK;197.931.600;6,5977
14-06-2019;JPY;200.000.000;DKK;12.176.600;0,0609
17-06-2019;DKK;5.923.517;ILS;3.215.109;1,8424
18-06-2019;GBP;5.000.000;DKK;42.092.320;8,4185
18-06-2019;EUR;20.000.000;DKK;149.349.400;7,4675
19-06-2019;USD;50.000.000;DKK;302.631.500;6,0526
19-06-2019;DKK;2.177.796;KES;32.946.993;0,0661
20-06-2019;DKK;111.547;RSD;1.753.884;0,0636
20-06-2019;DKK;3.998.608;MAD;5.748.017;0,6957
20-06-2019;JPY;600.000.000;DKK;36.831.000;0,0614
20-06-2019;HUF;500.000.000;DKK;11.581.000;0,0232
21-06-2019;DKK;30.735.000;JPY;500.000.000;0,0615
24-06-2019;DKK;1.223.251;INR;12.742.194;0,096
24-06-2019;DKK;96.280.000;CNH;100.000.000;0,9628
24-06-2019;CZK;80.000.000;DKK;23.312.000;0,2914
24-06-2019;JPY;400.000.000;DKK;24.521.200;0,0613
25-06-2019;USD;50.000.000;DKK;303.866.000;6,0773
25-06-2019;RUB;100.000.000;DKK;10.435.000;0,1044
26-06-2019;USD;50.000.000;DKK;303.971.500;6,0794
26-06-2019;CNH;60.000.000;DKK;54.320.940;0,9053
26-06-2019;DKK;3.254.060;AED;1.819.639;1,7883
26-06-2019;USD;50.000.000;DKK;327.662.500;6,5533
26-06-2019;USD;50.000.000;DKK;327.742.000;6,5548
27-06-2019;CNH;50.000.000;DKK;45.457.750;0,9092
27-06-2019;CNH;50.000.000;DKK;45.458.400;0,9092
27-06-2019;DKK;541.536;RSD;8.497.354;0,0637
27-06-2019;DKK;757.200;RSD;11.868.345;0,0638
27-06-2019;DKK;47.640.000;CNH;50.000.000;0,9528
27-06-2019;DKK;47.640.000;CNH;50.000.000;0,9528
28-06-2019;JPY;500.000.000;DKK;28.304.000;0,0566
28-06-2019;JPY;1.000.000.000;DKK;55.915.000;0,0559
28-06-2019;JPY;200.000.000;DKK;11.214.600;0,0561
28-06-2019;DKK;327.605.605;USD;50.000.000;6,5521
28-06-2019;DKK;327.685.145;USD;50.000.000;6,5537
28-06-2019;EUR;30.000.000;DKK;223.950.600;7,465
28-06-2019;RUB;600.000.000;DKK;62.448.000;0,1041
30-06-2019;DKK;41.649.350;GBP;5.000.000;8,3299
01-07-2019;USD;50.000.000;DKK;328.195.500;6,5639
01-07-2019;USD;30.000.000;DKK;196.983.300;6,5661
02-07-2019;USD;10.000.000;DKK;61.238.600;6,1239
02-07-2019;DKK;18.260.400;JPY;300.000.000;0,0609
02-07-2019;DKK;406.152;RSD;6.388.050;0,0636
02-07-2019;DKK;122.975;RSD;1.934.185;0,0636
03-07-2019;USD;30.000.000;DKK;182.408.700;6,0803
03-07-2019;USD;50.000.000;DKK;304.635.000;6,0927
03-07-2019;DKK;35.878.000;AED;20.000.000;1,7939
03-07-2019;SEK;50.000.000;DKK;35.380.000;0,7076
03-07-2019;HUF;500.000.000;DKK;11.557.000;0,0231
05-07-2019;CNH;50.000.000;DKK;48.101.450;0,962
05-07-2019;DKK;2.644.909;INR;27.493.857;0,0962
05-07-2019;DKK;2.127.780;INR;22.118.290;0,0962
05-07-2019;EUR;20.000.000;DKK;149.277.200;7,4639
05-07-2019;DKK;330.740.500;USD;50.000.000;6,6148
09-07-2019;USD;50.000.000;DKK;305.730.000;6,1146
10-07-2019;GBP;2.000.000;DKK;16.649.824;8,3249
10-07-2019;GBP;4.000.000;DKK;33.455.148;8,3638
10-07-2019;TRY;4.000.000;DKK;4.642.000;1,1605
10-07-2019;EUR;44.567.000;USD;50.000.000;0,8913
12-07-2019;DKK;3.129.604;KES;47.562.369;0,0658
12-07-2019;DKK;609.341;INR;6.243.243;0,0976
12-07-2019;DKK;331.867.000;USD;50.000.000;6,6373
16-07-2019;DKK;327.179.430;USD;50.000.000;6,5436
16-07-2019;DKK;18.372.900;JPY;300.000.000;0,0612
16-07-2019;DKK;1.999.122;INR;20.588.276;0,0971
17-07-2019;USD;50.000.000;EUR;44.539.555;0,8908
17-07-2019;JPY;500.000.000;DKK;30.596.500;0,0612
17-07-2019;ZAR;30.000.000;DKK;14.313.000;0,4771
18-07-2019;HUF;500.000.000;DKK;11.467.000;0,0229
18-07-2019;SAR;20.000.000;DKK;35.424.000;1,7712
18-07-2019;JPY;700.000.000;DKK;43.157.100;0,0617
18-07-2019;DKK;224.028.300;EUR;30.000.000;7,4676
18-07-2019;USD;50.000.000;DKK;332.753.000;6,6551
18-07-2019;DKK;521.757;INR;5.351.351;0,0975
22-07-2019;USD;40.000.000;DKK;246.838.588;6,171
22-07-2019;DKK;333.093.675;USD;50.000.000;6,6619
22-07-2019;DKK;2.851.847;MAD;4.075.406;0,6998
22-07-2019;DKK;732.915;RSD;11.494.367;0,0638
22-07-2019;DKK;646.073;RSD;10.132.409;0,0638
23-07-2019;USD;30.000.000;DKK;186.079.800;6,2027
23-07-2019;DKK;14.021.194;INR;144.697.567;0,0969
23-07-2019;DKK;1.409.412;INR;14.560.040;0,0968
23-07-2019;DKK;5.446.134;INR;56.261.717;0,0968
23-07-2019;DKK;7.129.846;INR;73.655.434;0,0968
24-07-2019;DKK;327.460.345;USD;50.000.000;6,5492
24-07-2019;DKK;520.571;INR;5.372.247;0,0969
24-07-2019;JPY;500.000.000;DKK;30.856.500;0,0617
24-07-2019;DKK;28.330.000;SEK;40.000.000;0,7083
25-07-2019;JPY;500.000.000;DKK;30.883.500;0,0618
26-07-2019;DKK;327.473.670;USD;50.000.000;6,5495
26-07-2019;DKK;196.549.470;USD;30.000.000;6,5516
26-07-2019;DKK;7.099.052;ILS;3.750.358;1,8929
26-07-2019;DKK;5.946.796;ILS;3.141.632;1,8929
29-07-2019;USD;30.000.000;DKK;184.692.900;6,1564
29-07-2019;DKK;332.687.910;USD;50.000.000;6,6538
29-07-2019;CNH;50.000.000;DKK;47.495.050;0,9499
29-07-2019;CNH;50.000.000;DKK;47.495.000;0,9499
29-07-2019;USD;50.000.000;DKK;330.028.460;6,6006
29-07-2019;USD;50.000.000;DKK;335.297.500;6,706
30-07-2019;CNH;70.000.000;DKK;62.960.450;0,8994
30-07-2019;JPY;600.000.000;DKK;37.047.498;0,0617
30-07-2019;HKD;15.000.000;DKK;12.870.000;0,858
30-07-2019;NOK;30.000.000;DKK;23.116.500;0,7706
31-07-2019;DKK;41.622.784;GBP;5.000.000;8,3246
31-07-2019;JPY;1.000.000.000;DKK;56.563.000;0,0566
01-08-2019;DKK;333.462.215;USD;50.000.000;6,6692
01-08-2019;DKK;873.645;INR;8.914.744;0,098
01-08-2019;DKK;149.311;RSD;2.343.977;0,0637
01-08-2019;DKK;385.621;RSD;6.053.697;0,0637
05-08-2019;EUR;40.000.000;DKK;298.642.400;7,4661
05-08-2019;USD;50.000.000;DKK;338.307.000;6,7661
06-08-2019;DKK;36.644.000;AED;20.000.000;1,8322
06-08-2019;JPY;1.000.000.000;DKK;62.935.000;0,0629
07-08-2019;DKK;338.252.600;USD;50.000.000;6,7651
07-08-2019;DKK;546.520;INR;5.692.921;0,096
07-08-2019;JPY;600.000.000;DKK;37.824.000;0,063
07-08-2019;SEK;50.000.000;DKK;34.693.500;0,6939
07-08-2019;NOK;20.000.000;DKK;14.974.600;0,7487
07-08-2019;AUD;10.000.000;DKK;45.195.000;4,5195
12-08-2019;GBP;2.000.000;DKK;16.608.720;8,3044
12-08-2019;GBP;2.000.000;DKK;16.306.847;8,1534
12-08-2019;SEK;25.000.000;DKK;17.344.500;0,6938
13-08-2019;DKK;333.177.000;USD;50.000.000;6,6635
14-08-2019;JPY;300.000.000;DKK;19.002.000;0,0633
16-08-2019;DKK;2.287.105;HUF;100.000.000;0,0229
19-08-2019;USD;50.000.000;DKK;333.018.060;6,6604
19-08-2019;USD;50.000.000;DKK;334.429.000;6,6886
20-08-2019;DKK;47.780.000;CNH;50.000.000;0,9556
20-08-2019;JPY;500.000.000;DKK;31.676.500;0,0634
21-08-2019;DKK;3.091.244;KES;46.695.533;0,0662
21-08-2019;DKK;133.364;RSD;2.094.276;0,0637
21-08-2019;DKK;685.072;RSD;10.758.038;0,0637
21-08-2019;DKK;1.225.232;RSD;19.240.447;0,0637
23-08-2019;DKK;3.440.522;MAD;4.888.146;0,7039
23-08-2019;DKK;20.204.848;RON;12.783.833;1,5805
23-08-2019;DKK;3.185.392;INR;33.459.995;0,0952
26-08-2019;USD;40.000.000;DKK;248.918.720;6,223
26-08-2019;EUR;25.000.000;DKK;186.391.500;7,4557
27-08-2019;DKK;331.600.015;USD;50.000.000;6,632
27-08-2019;GBP;2.000.000;DKK;16.364.600;8,1823
28-08-2019;PLN;30.000.000;DKK;51.279.000;1,7093
28-08-2019;EUR;879.925;DKK;6.560.721;7,456
29-08-2019;CNH;50.000.000;DKK;48.214.550;0,9643
29-08-2019;CNH;50.000.000;DKK;47.785.350;0,9557
29-08-2019;USD;50.000.000;DKK;335.476.500;6,7095
29-08-2019;USD;50.000.000;DKK;335.755.000;6,7151
30-08-2019;JPY;1.000.000.000;EUR;7.858.114;127,257
30-08-2019;JPY;500.000.000;DKK;29.325.500;0,0587
30-08-2019;DKK;336.709.520;USD;50.000.000;6,7342
03-09-2019;JPY;500.000.000;DKK;31.668.540;0,0633
03-09-2019;RUB;500.000.000;DKK;50.415.000;0,1008
03-09-2019;USD;50.000.000;DKK;336.696.000;6,7339
03-09-2019;DKK;401.663;RSD;6.315.457;0,0636
03-09-2019;DKK;136.996;RSD;2.154.031;0,0636
03-09-2019;USD;50.000.000;DKK;337.741.500;6,7548
04-09-2019;EUR;30.000.000;DKK;223.689.000;7,4563
04-09-2019;JPY;500.000.000;DKK;31.953.000;0,0639
05-09-2019;HUF;500.000.000;DKK;11.265.000;0,0225
05-09-2019;SEK;50.000.000;DKK;34.508.000;0,6902
05-09-2019;DKK;2.551.197;INR;26.826.464;0,0951
06-09-2019;HUF;500.000.000;DKK;11.337.000;0,0227
06-09-2019;NOK;35.000.000;DKK;26.150.950;0,7472
09-09-2019;DKK;28.863.807;AED;15.674.925;1,8414
09-09-2019;USD;50.000.000;DKK;337.427.000;6,7485
09-09-2019;USD;30.000.000;DKK;202.213.200;6,7404
10-09-2019;CNH;50.000.000;DKK;47.605.000;0,9521
13-09-2019;DKK;3.296.777;HRK;3.263.813;1,0101
13-09-2019;JPY;300.000.000;DKK;18.885.300;0,063
13-09-2019;DKK;203.450.100;USD;30.000.000;6,7817
16-09-2019;USD;30.000.000;DKK;203.401.665;6,7801
17-09-2019;DKK;337.364.340;USD;50.000.000;6,7473
17-09-2019;JPY;500.000.000;DKK;31.575.500;0,0632
17-09-2019;DKK;1.040.987;LKR;27.612.389;0,0377
17-09-2019;DKK;3.300.319;KES;49.554.335;0,0666
17-09-2019;DKK;336.282.000;USD;50.000.000;6,7256
17-09-2019;DKK;336.424.500;USD;50.000.000;6,7285
17-09-2019;DKK;337.055.505;USD;50.000.000;6,7411
18-09-2019;GBP;2.000.000;DKK;16.869.880;8,4349
18-09-2019;JPY;500.000.000;DKK;31.389.000;0,0628
19-09-2019;USD;50.000.000;DKK;337.695.275;6,7539
19-09-2019;USD;50.000.000;DKK;336.228.110;6,7246
19-09-2019;USD;50.000.000;DKK;336.370.860;6,7274
19-09-2019;USD;50.000.000;DKK;336.999.190;6,74
19-09-2019;DKK;681.720;RSD;10.668.538;0,0639
19-09-2019;DKK;1.012.294;RSD;15.841.845;0,0639
19-09-2019;USD;50.000.000;DKK;338.756.500;6,7751
23-09-2019;DKK;3.107.055;MAD;4.414.747;0,7038
24-09-2019;DKK;338.607.770;USD;50.000.000;6,7722
25-09-2019;DKK;333.413.925;USD;50.000.000;6,6683
25-09-2019;SAR;20.000.000;DKK;35.998.000;1,7999
25-09-2019;DKK;339.860.000;USD;50.000.000;6,7972
25-09-2019;JPY;400.000.000;DKK;25.269.600;0,0632
26-09-2019;USD;50.000.000;DKK;339.833.740;6,7967
27-09-2019;NOK;10.000.000;DKK;7.518.900;0,7519
30-09-2019;JPY;1.000.000.000;DKK;57.824.000;0,0578
30-09-2019;JPY;500.000.000;DKK;28.951.000;0,0579
30-09-2019;USD;50.000.000;DKK;339.619.500;6,7924
30-09-2019;JPY;1.000.000.000;DKK;63.338.000;0,0633
30-09-2019;JPY;300.000.000;DKK;19.010.100;0,0634
30-09-2019;USD;50.000.000;DKK;341.102.000;6,822
30-09-2019;EUR;40.000.000;DKK;298.627.796;7,4657
02-10-2019;DKK;384.265;RSD;6.026.745;0,0638
03-10-2019;DKK;7.866.000;RON;5.000.000;1,5732
03-10-2019;SEK;50.000.000;DKK;34.535.500;0,6907
03-10-2019;ZAR;40.000.000;DKK;17.904.000;0,4476
04-10-2019;CAD;3.000.000;DKK;15.276.602;5,0922
04-10-2019;AUD;10.000.000;DKK;45.650.000;4,565
04-10-2019;NOK;25.000.000;DKK;18.683.750;0,7474
07-10-2019;DKK;339.379.895;USD;50.000.000;6,7876
07-10-2019;DKK;3.530.502;INR;36.712.576;0,0962
07-10-2019;DKK;74.664.351;EUR;10.000.000;7,4664
08-10-2019;DKK;15.107.707;AED;8.152.667;1,8531
09-10-2019;DKK;19.938.556;AED;10.758.988;1,8532
09-10-2019;DKK;339.914.000;USD;50.000.000;6,7983
11-10-2019;DKK;68.435.900;CHF;10.000.000;6,8436
24-10-2019;USD;50.000.000;DKK;339.510.455;6,7902
28-10-2019;CNH;100.000.000;DKK;92.712.500;0,9271
28-10-2019;DKK;47.374.300;CNH;50.000.000;0,9475
30-10-2019;CNH;50.000.000;DKK;45.815.050;0,9163
30-10-2019;CNH;50.000.000;DKK;47.819.400;0,9564
31-10-2019;GBP;3.000.000;DKK;24.567.420;8,1891
31-10-2019;GBP;3.000.000;DKK;25.124.702;8,3749
31-10-2019;JPY;500.000.000;DKK;28.839.600;0,0577
31-10-2019;JPY;500.000.000;DKK;29.314.500;0,0586
31-10-2019;JPY;500.000.000;DKK;29.427.000;0,0589
27-11-2019;CNH;50.000.000;DKK;46.869.850;0,9374
27-11-2019;CNH;50.000.000;DKK;47.500.250;0,95
27-11-2019;CNH;50.000.000;DKK;47.628.400;0,9526
29-11-2019;JPY;1.000.000.000;DKK;57.745.500;0,0577
29-11-2019;JPY;700.000.000;DKK;39.396.700;0,0563
29-11-2019;JPY;1.000.000.000;EUR;7.711.884;129,67
29-11-2019;CNH;100.000.000;DKK;94.836.200;0,9484
30-11-2019;GBP;5.000.000;DKK;42.080.000;8,416
30-11-2019;DKK;12.697.650;GBP;1.500.000;8,4651
09-12-2019;USD;30.000.000;DKK;191.633.598;6,3878
20-12-2019;USD;20.000.000;DKK;127.072.640;6,3536
27-12-2019;CAD;3.000.000;DKK;14.982.856;4,9943
27-12-2019;DKK;331.080.700;USD;50.000.000;6,6216
30-12-2019;JPY;600.000.000;DKK;33.924.600;0,0565
30-12-2019;JPY;200.000.000;DKK;11.314.800;0,0566
30-12-2019;DKK;63.268.480;JPY;1.000.000.000;0,0633
30-12-2019;GBP;2.000.000;DKK;16.713.908;8,357
30-12-2019;DKK;8.416.300;GBP;1.000.000;8,4163
22-01-2020;CNH;30.000.000;DKK;28.445.460;0,9482
31-01-2020;GBP;2.000.000;DKK;16.353.340;8,1767
31-01-2020;JPY;500.000.000;DKK;29.095.000;0,0582
31-01-2020;JPY;800.000.000;DKK;46.524.000;0,0582
31-01-2020;GBP;8.000.000;DKK;66.120.800;8,2651
31-01-2020;DKK;33.296.000;GBP;4.000.000;8,324
14-02-2020;CAD;1.000.000;DKK;4.995.378;4,9954
19-02-2020;USD;40.000.000;DKK;256.253.636;6,4063
28-02-2020;JPY;1.000.000.000;EUR;7.799.156;128,219
28-02-2020;CAD;2.000.000;DKK;9.730.982;4,8655
28-02-2020;GBP;10.000.000;DKK;82.341.000;8,2341
28-02-2020;DKK;16.324.200;GBP;2.000.000;8,1621
30-03-2020;USD;30.000.000;DKK;194.796.498;6,4932
31-03-2020;JPY;1.000.000.000;DKK;59.752.000;0,0598
31-03-2020;JPY;1.000.000.000;DKK;59.444.000;0,0594
31-03-2020;GBP;1.000.000;DKK;8.091.200;8,0912
31-03-2020;DKK;8.315.000;GBP;1.000.000;8,315
06-04-2020;USD;50.000.000;DKK;324.624.870;6,4925
15-04-2020;USD;50.000.000;DKK;326.587.980;6,5318
17-04-2020;CAD;3.000.000;DKK;14.918.186;4,9727
21-04-2020;DKK;329.379.850;USD;50.000.000;6,5876
28-04-2020;DKK;329.482.995;USD;50.000.000;6,5897
30-04-2020;GBP;6.000.000;DKK;50.970.600;8,4951
30-04-2020;DKK;24.655.500;GBP;3.000.000;8,2185
04-05-2020;USD;50.000.000;DKK;323.861.505;6,4772
05-05-2020;DKK;330.331.510;USD;50.000.000;6,6066
12-05-2020;DKK;331.076.900;USD;50.000.000;6,6215
13-05-2020;USD;50.000.000;DKK;325.647.495;6,5129
18-05-2020;USD;50.000.000;DKK;326.808.495;6,5362
20-05-2020;USD;20.000.000;DKK;131.051.138;6,5526
27-05-2020;USD;40.000.000;DKK;261.346.436;6,5337
29-05-2020;JPY;700.000.000;DKK;41.202.000;0,0589
29-05-2020;JPY;600.000.000;EUR;4.823.384;124,394
29-05-2020;CAD;4.000.000;DKK;19.902.896;4,9757
31-05-2020;GBP;9.000.000;DKK;74.889.000;8,321
31-05-2020;DKK;67.372.800;GBP;8.000.000;8,4216
02-06-2020;USD;25.000.000;DKK;163.017.443;6,5207
02-06-2020;DKK;334.691.380;USD;50.000.000;6,6938
03-06-2020;USD;50.000.000;DKK;329.459.405;6,5892
19-06-2020;CAD;3.000.000;DKK;15.101.339;5,0338
24-06-2020;CNH;50.000.000;DKK;46.345.500;0,9269
30-06-2020;JPY;400.000.000;EUR;3.182.762;125,677
30-06-2020;JPY;500.000.000;DKK;30.018.940;0,06
30-06-2020;CNH;50.000.000;DKK;45.896.850;0,9179
30-06-2020;GBP;4.000.000;DKK;33.776.000;8,444
30-06-2020;DKK;24.337.500;GBP;3.000.000;8,1125
31-07-2020;GBP;2.000.000;DKK;16.425.204;8,2126
31-07-2020;CNH;50.000.000;DKK;46.136.900;0,9227
31-07-2020;CNH;50.000.000;DKK;45.980.850;0,9196
31-07-2020;GBP;5.000.000;DKK;42.560.000;8,512
31-07-2020;DKK;16.649.000;GBP;2.000.000;8,3245
31-08-2020;JPY;500.000.000;DKK;30.587.510;0,0612
31-08-2020;GBP;8.000.000;DKK;65.400.000;8,175
31-08-2020;DKK;40.750.000;GBP;5.000.000;8,15
30-09-2020;JPY;300.000.000;DKK;18.166.074;0,0606
30-09-2020;JPY;300.000.000;DKK;18.275.442;0,0609
30-09-2020;GBP;3.000.000;DKK;23.823.000;7,941
30-09-2020;DKK;11.982.000;GBP;1.500.000;7,988
